code_from,langcode,code
CM,FR,MC
CM,FR,HT
CM,FR,CF
CM,FR,LU
CM,FR,CI
CM,FR,BJ
CM,FR,CH
CM,FR,CG
CM,FR,CA
CM,FR,DJ
CM,FR,CM
CM,FR,TD
CM,FR,TG
CM,FR,GN
CM,FR,FR
CM,FR,BF
CM,FR,MG
CM,FR,GA
CM,FR,SN
CM,FR,NE
CM,FR,ML
CM,FR,CD
CM,FR,BE
CM,EN,GY
CM,EN,VC
CM,EN,MW
CM,EN,DM
CM,EN,TO
CM,EN,TT
CM,EN,LC
CM,EN,NG
CM,EN,BB
CM,EN,AG
CM,EN,US
CM,EN,BZ
CM,EN,NZ
CM,EN,FJ
CM,EN,KE
CM,EN,SZ
CM,EN,IE
CM,EN,SL
CM,EN,AU
CM,EN,CA
CM,EN,MT
CM,EN,JM
CM,EN,CM
CM,EN,UG
CM,EN,GB
CM,EN,GD
CM,EN,LR
CM,EN,KN
CM,EN,MH
TN,AR,AE
TN,AR,OM
TN,AR,QA
TN,AR,MA
TN,AR,EG
TN,AR,SA
TN,AR,LY
TN,AR,TN
TN,AR,KM
TN,AR,JO
TN,AR,YE
TN,AR,KW
TN,AR,SD
TN,AR,MR
TN,AR,DZ
TN,AR,LB
TN,AR,IQ
TN,AR,BH
MR,AR,SD
MR,AR,OM
MR,AR,LY
MR,AR,SA
MR,AR,KW
MR,AR,BH
MR,AR,AE
MR,AR,QA
MR,AR,KM
MR,AR,MA
MR,AR,IQ
MR,AR,LB
MR,AR,MR
MR,AR,DZ
MR,AR,YE
MR,AR,TN
MR,AR,JO
MR,AR,EG
AE,AR,MR
AE,AR,LY
AE,AR,OM
AE,AR,AE
AE,AR,QA
AE,AR,DZ
AE,AR,IQ
AE,AR,JO
AE,AR,SD
AE,AR,BH
AE,AR,YE
AE,AR,KW
AE,AR,EG
AE,AR,KM
AE,AR,MA
AE,AR,SA
AE,AR,LB
AE,AR,TN
BH,AR,BH
BH,AR,MR
BH,AR,IQ
BH,AR,QA
BH,AR,SA
BH,AR,TN
BH,AR,MA
BH,AR,AE
BH,AR,LB
BH,AR,LY
BH,AR,YE
BH,AR,KW
BH,AR,OM
BH,AR,KM
BH,AR,EG
BH,AR,SD
BH,AR,DZ
BH,AR,JO
DZ,AR,SD
DZ,AR,MR
DZ,AR,BH
DZ,AR,QA
DZ,AR,MA
DZ,AR,IQ
DZ,AR,KM
DZ,AR,OM
DZ,AR,LB
DZ,AR,DZ
DZ,AR,TN
DZ,AR,KW
DZ,AR,SA
DZ,AR,JO
DZ,AR,LY
DZ,AR,AE
DZ,AR,EG
DZ,AR,YE
EG,AR,QA
EG,AR,KW
EG,AR,LY
EG,AR,TN
EG,AR,BH
EG,AR,MA
EG,AR,LB
EG,AR,EG
EG,AR,SD
EG,AR,DZ
EG,AR,MR
EG,AR,JO
EG,AR,AE
EG,AR,IQ
EG,AR,YE
EG,AR,SA
EG,AR,OM
EG,AR,KM
IQ,AR,YE
IQ,AR,SD
IQ,AR,LB
IQ,AR,BH
IQ,AR,TN
IQ,AR,OM
IQ,AR,LY
IQ,AR,SA
IQ,AR,EG
IQ,AR,MR
IQ,AR,MA
IQ,AR,KM
IQ,AR,AE
IQ,AR,KW
IQ,AR,JO
IQ,AR,DZ
IQ,AR,IQ
IQ,AR,QA
JO,AR,EG
JO,AR,AE
JO,AR,LB
JO,AR,SA
JO,AR,OM
JO,AR,LY
JO,AR,SD
JO,AR,KM
JO,AR,QA
JO,AR,KW
JO,AR,YE
JO,AR,TN
JO,AR,MA
JO,AR,DZ
JO,AR,MR
JO,AR,JO
JO,AR,BH
JO,AR,IQ
KM,AR,JO
KM,AR,TN
KM,AR,MA
KM,AR,MR
KM,AR,SA
KM,AR,AE
KM,AR,SD
KM,AR,KM
KM,AR,QA
KM,AR,BH
KM,AR,LB
KM,AR,YE
KM,AR,DZ
KM,AR,OM
KM,AR,IQ
KM,AR,LY
KM,AR,EG
KM,AR,KW
KW,AR,YE
KW,AR,SA
KW,AR,LY
KW,AR,MR
KW,AR,JO
KW,AR,MA
KW,AR,OM
KW,AR,SD
KW,AR,LB
KW,AR,TN
KW,AR,IQ
KW,AR,KW
KW,AR,EG
KW,AR,DZ
KW,AR,BH
KW,AR,AE
KW,AR,KM
KW,AR,QA
LB,AR,LB
LB,AR,YE
LB,AR,IQ
LB,AR,KW
LB,AR,JO
LB,AR,KM
LB,AR,QA
LB,AR,EG
LB,AR,TN
LB,AR,MA
LB,AR,SA
LB,AR,SD
LB,AR,OM
LB,AR,MR
LB,AR,LY
LB,AR,AE
LB,AR,BH
LB,AR,DZ
LY,AR,YE
LY,AR,OM
LY,AR,DZ
LY,AR,KW
LY,AR,BH
LY,AR,MA
LY,AR,EG
LY,AR,LB
LY,AR,TN
LY,AR,SD
LY,AR,KM
LY,AR,QA
LY,AR,AE
LY,AR,LY
LY,AR,IQ
LY,AR,SA
LY,AR,MR
LY,AR,JO
MA,AR,DZ
MA,AR,JO
MA,AR,BH
MA,AR,QA
MA,AR,LY
MA,AR,AE
MA,AR,SD
MA,AR,TN
MA,AR,OM
MA,AR,KW
MA,AR,KM
MA,AR,SA
MA,AR,MR
MA,AR,EG
MA,AR,MA
MA,AR,IQ
MA,AR,YE
MA,AR,LB
OM,AR,YE
OM,AR,LY
OM,AR,KW
OM,AR,OM
OM,AR,IQ
OM,AR,BH
OM,AR,LB
OM,AR,DZ
OM,AR,AE
OM,AR,SA
OM,AR,MR
OM,AR,KM
OM,AR,JO
OM,AR,QA
OM,AR,MA
OM,AR,TN
OM,AR,EG
OM,AR,SD
QA,AR,SD
QA,AR,AE
QA,AR,LB
QA,AR,KM
QA,AR,DZ
QA,AR,SA
QA,AR,TN
QA,AR,EG
QA,AR,LY
QA,AR,OM
QA,AR,BH
QA,AR,QA
QA,AR,KW
QA,AR,MA
QA,AR,MR
QA,AR,YE
QA,AR,JO
QA,AR,IQ
SA,AR,SA
SA,AR,EG
SA,AR,SD
SA,AR,JO
SA,AR,LY
SA,AR,MR
SA,AR,DZ
SA,AR,YE
SA,AR,OM
SA,AR,AE
SA,AR,TN
SA,AR,LB
SA,AR,QA
SA,AR,BH
SA,AR,IQ
SA,AR,KM
SA,AR,MA
SA,AR,KW
SD,AR,AE
SD,AR,DZ
SD,AR,QA
SD,AR,BH
SD,AR,YE
SD,AR,TN
SD,AR,SA
SD,AR,LB
SD,AR,IQ
SD,AR,SD
SD,AR,LY
SD,AR,KM
SD,AR,MR
SD,AR,MA
SD,AR,EG
SD,AR,OM
SD,AR,KW
SD,AR,JO
YE,AR,LY
YE,AR,JO
YE,AR,EG
YE,AR,OM
YE,AR,YE
YE,AR,MA
YE,AR,SD
YE,AR,DZ
YE,AR,AE
YE,AR,TN
YE,AR,SA
YE,AR,BH
YE,AR,IQ
YE,AR,KM
YE,AR,MR
YE,AR,KW
YE,AR,LB
YE,AR,QA
ES,ES,PE
ES,ES,ES
ES,ES,UY
ES,ES,NI
ES,ES,HN
ES,ES,GQ
ES,ES,CL
ES,ES,CO
ES,ES,EC
ES,ES,GT
ES,ES,MX
ES,ES,AR
ES,ES,CU
ES,ES,SV
ES,ES,AD
ES,ES,PA
ES,ES,DO
ES,ES,CR
ES,ES,BO
ES,ES,VE
ES,ES,PY
AD,ES,SV
AD,ES,BO
AD,ES,MX
AD,ES,GT
AD,ES,AR
AD,ES,PE
AD,ES,NI
AD,ES,GQ
AD,ES,EC
AD,ES,CR
AD,ES,PA
AD,ES,HN
AD,ES,UY
AD,ES,AD
AD,ES,VE
AD,ES,ES
AD,ES,CL
AD,ES,PY
AD,ES,CO
AD,ES,DO
AD,ES,CU
NL,NL,SR
NL,NL,NL
NL,NL,BE
SR,NL,BE
SR,NL,SR
SR,NL,NL
BE,FR,CG
BE,FR,BE
BE,FR,BF
BE,FR,CF
BE,FR,DJ
BE,FR,CH
BE,FR,CD
BE,FR,FR
BE,FR,CA
BE,FR,SN
BE,FR,CI
BE,FR,GA
BE,FR,HT
BE,FR,MG
BE,FR,TD
BE,FR,NE
BE,FR,TG
BE,FR,ML
BE,FR,LU
BE,FR,BJ
BE,FR,CM
BE,FR,GN
BE,FR,MC
BE,NL,SR
BE,NL,BE
BE,NL,NL
GB,EN,AG
GB,EN,AU
GB,EN,VC
GB,EN,MW
GB,EN,KE
GB,EN,FJ
GB,EN,LC
GB,EN,BZ
GB,EN,NG
GB,EN,US
GB,EN,MH
GB,EN,CA
GB,EN,GB
GB,EN,GY
GB,EN,TT
GB,EN,NZ
GB,EN,JM
GB,EN,CM
GB,EN,SZ
GB,EN,TO
GB,EN,BB
GB,EN,MT
GB,EN,GD
GB,EN,LR
GB,EN,UG
GB,EN,DM
GB,EN,IE
GB,EN,SL
GB,EN,KN
JM,EN,MW
JM,EN,BZ
JM,EN,BB
JM,EN,MT
JM,EN,NG
JM,EN,FJ
JM,EN,SL
JM,EN,TT
JM,EN,CA
JM,EN,UG
JM,EN,LR
JM,EN,GB
JM,EN,GY
JM,EN,LC
JM,EN,US
JM,EN,GD
JM,EN,VC
JM,EN,DM
JM,EN,AU
JM,EN,KE
JM,EN,TO
JM,EN,SZ
JM,EN,NZ
JM,EN,JM
JM,EN,CM
JM,EN,KN
JM,EN,IE
JM,EN,AG
JM,EN,MH
VC,EN,LC
VC,EN,AU
VC,EN,MW
VC,EN,SL
VC,EN,DM
VC,EN,CA
VC,EN,CM
VC,EN,SZ
VC,EN,US
VC,EN,NG
VC,EN,UG
VC,EN,TO
VC,EN,MH
VC,EN,GY
VC,EN,MT
VC,EN,AG
VC,EN,TT
VC,EN,KE
VC,EN,GD
VC,EN,VC
VC,EN,JM
VC,EN,GB
VC,EN,IE
VC,EN,BB
VC,EN,NZ
VC,EN,BZ
VC,EN,FJ
VC,EN,KN
VC,EN,LR
NZ,EN,GD
NZ,EN,CA
NZ,EN,US
NZ,EN,NG
NZ,EN,KN
NZ,EN,DM
NZ,EN,BZ
NZ,EN,AU
NZ,EN,UG
NZ,EN,LC
NZ,EN,GB
NZ,EN,MT
NZ,EN,GY
NZ,EN,TT
NZ,EN,VC
NZ,EN,JM
NZ,EN,KE
NZ,EN,BB
NZ,EN,LR
NZ,EN,AG
NZ,EN,FJ
NZ,EN,TO
NZ,EN,CM
NZ,EN,NZ
NZ,EN,SL
NZ,EN,MH
NZ,EN,MW
NZ,EN,SZ
NZ,EN,IE
IE,EN,FJ
IE,EN,KN
IE,EN,DM
IE,EN,KE
IE,EN,UG
IE,EN,AG
IE,EN,LC
IE,EN,NZ
IE,EN,TO
IE,EN,AU
IE,EN,SZ
IE,EN,SL
IE,EN,VC
IE,EN,BZ
IE,EN,JM
IE,EN,TT
IE,EN,MH
IE,EN,US
IE,EN,NG
IE,EN,LR
IE,EN,MW
IE,EN,BB
IE,EN,GY
IE,EN,GD
IE,EN,CM
IE,EN,IE
IE,EN,GB
IE,EN,MT
IE,EN,CA
SL,EN,NG
SL,EN,GY
SL,EN,LR
SL,EN,GD
SL,EN,FJ
SL,EN,LC
SL,EN,UG
SL,EN,IE
SL,EN,VC
SL,EN,BZ
SL,EN,CA
SL,EN,SZ
SL,EN,AG
SL,EN,BB
SL,EN,US
SL,EN,CM
SL,EN,MT
SL,EN,KE
SL,EN,DM
SL,EN,NZ
SL,EN,GB
SL,EN,TO
SL,EN,TT
SL,EN,KN
SL,EN,MH
SL,EN,MW
SL,EN,SL
SL,EN,AU
SL,EN,JM
SZ,EN,NG
SZ,EN,US
SZ,EN,TO
SZ,EN,IE
SZ,EN,NZ
SZ,EN,AU
SZ,EN,BZ
SZ,EN,BB
SZ,EN,VC
SZ,EN,GB
SZ,EN,LR
SZ,EN,CA
SZ,EN,DM
SZ,EN,JM
SZ,EN,KE
SZ,EN,UG
SZ,EN,SL
SZ,EN,GY
SZ,EN,SZ
SZ,EN,MT
SZ,EN,AG
SZ,EN,KN
SZ,EN,MW
SZ,EN,TT
SZ,EN,LC
SZ,EN,CM
SZ,EN,MH
SZ,EN,GD
SZ,EN,FJ
UG,EN,LC
UG,EN,TO
UG,EN,DM
UG,EN,AU
UG,EN,NG
UG,EN,KN
UG,EN,GB
UG,EN,LR
UG,EN,GY
UG,EN,MH
UG,EN,JM
UG,EN,UG
UG,EN,MT
UG,EN,SL
UG,EN,NZ
UG,EN,VC
UG,EN,CA
UG,EN,TT
UG,EN,CM
UG,EN,MW
UG,EN,GD
UG,EN,BB
UG,EN,FJ
UG,EN,KE
UG,EN,BZ
UG,EN,US
UG,EN,SZ
UG,EN,IE
UG,EN,AG
AG,EN,KE
AG,EN,CM
AG,EN,LR
AG,EN,GY
AG,EN,CA
AG,EN,IE
AG,EN,TT
AG,EN,UG
AG,EN,BZ
AG,EN,TO
AG,EN,KN
AG,EN,FJ
AG,EN,BB
AG,EN,LC
AG,EN,GD
AG,EN,NG
AG,EN,DM
AG,EN,MT
AG,EN,SL
AG,EN,NZ
AG,EN,AU
AG,EN,MW
AG,EN,JM
AG,EN,SZ
AG,EN,US
AG,EN,AG
AG,EN,VC
AG,EN,MH
AG,EN,GB
BB,EN,TO
BB,EN,MW
BB,EN,IE
BB,EN,FJ
BB,EN,LC
BB,EN,GY
BB,EN,DM
BB,EN,NZ
BB,EN,TT
BB,EN,JM
BB,EN,CA
BB,EN,AG
BB,EN,BB
BB,EN,US
BB,EN,KN
BB,EN,MT
BB,EN,BZ
BB,EN,GD
BB,EN,VC
BB,EN,LR
BB,EN,NG
BB,EN,UG
BB,EN,CM
BB,EN,GB
BB,EN,SL
BB,EN,MH
BB,EN,AU
BB,EN,KE
BB,EN,SZ
DM,EN,SZ
DM,EN,JM
DM,EN,KN
DM,EN,NZ
DM,EN,GY
DM,EN,DM
DM,EN,TT
DM,EN,VC
DM,EN,IE
DM,EN,MW
DM,EN,AG
DM,EN,SL
DM,EN,GB
DM,EN,TO
DM,EN,FJ
DM,EN,BZ
DM,EN,MT
DM,EN,LR
DM,EN,MH
DM,EN,NG
DM,EN,UG
DM,EN,CA
DM,EN,BB
DM,EN,LC
DM,EN,GD
DM,EN,CM
DM,EN,AU
DM,EN,KE
DM,EN,US
FJ,EN,CA
FJ,EN,UG
FJ,EN,NG
FJ,EN,FJ
FJ,EN,US
FJ,EN,KN
FJ,EN,GD
FJ,EN,GY
FJ,EN,TT
FJ,EN,BZ
FJ,EN,MW
FJ,EN,NZ
FJ,EN,SL
FJ,EN,MT
FJ,EN,VC
FJ,EN,AU
FJ,EN,JM
FJ,EN,SZ
FJ,EN,DM
FJ,EN,IE
FJ,EN,TO
FJ,EN,LC
FJ,EN,BB
FJ,EN,GB
FJ,EN,CM
FJ,EN,LR
FJ,EN,AG
FJ,EN,MH
FJ,EN,KE
GD,EN,BZ
GD,EN,VC
GD,EN,KE
GD,EN,SL
GD,EN,LR
GD,EN,MT
GD,EN,AG
GD,EN,DM
GD,EN,CM
GD,EN,SZ
GD,EN,GD
GD,EN,GY
GD,EN,FJ
GD,EN,NG
GD,EN,LC
GD,EN,TO
GD,EN,UG
GD,EN,BB
GD,EN,MH
GD,EN,IE
GD,EN,KN
GD,EN,MW
GD,EN,GB
GD,EN,CA
GD,EN,AU
GD,EN,NZ
GD,EN,TT
GD,EN,US
GD,EN,JM
GY,EN,KE
GY,EN,LC
GY,EN,JM
GY,EN,BZ
GY,EN,GB
GY,EN,SL
GY,EN,MH
GY,EN,KN
GY,EN,TO
GY,EN,DM
GY,EN,GD
GY,EN,CA
GY,EN,GY
GY,EN,AG
GY,EN,LR
GY,EN,BB
GY,EN,MW
GY,EN,NG
GY,EN,CM
GY,EN,SZ
GY,EN,NZ
GY,EN,TT
GY,EN,MT
GY,EN,AU
GY,EN,UG
GY,EN,US
GY,EN,VC
GY,EN,FJ
GY,EN,IE
KE,EN,KE
KE,EN,NZ
KE,EN,US
KE,EN,BB
KE,EN,JM
KE,EN,AU
KE,EN,CM
KE,EN,NG
KE,EN,CA
KE,EN,LC
KE,EN,GY
KE,EN,GD
KE,EN,DM
KE,EN,MH
KE,EN,AG
KE,EN,VC
KE,EN,KN
KE,EN,SZ
KE,EN,IE
KE,EN,TT
KE,EN,GB
KE,EN,TO
KE,EN,BZ
KE,EN,SL
KE,EN,MW
KE,EN,MT
KE,EN,LR
KE,EN,FJ
KE,EN,UG
KN,EN,FJ
KN,EN,DM
KN,EN,LR
KN,EN,CA
KN,EN,GB
KN,EN,TT
KN,EN,CM
KN,EN,AG
KN,EN,AU
KN,EN,MT
KN,EN,KE
KN,EN,LC
KN,EN,TO
KN,EN,IE
KN,EN,JM
KN,EN,BB
KN,EN,GD
KN,EN,MW
KN,EN,SZ
KN,EN,NG
KN,EN,GY
KN,EN,US
KN,EN,NZ
KN,EN,SL
KN,EN,UG
KN,EN,VC
KN,EN,MH
KN,EN,KN
KN,EN,BZ
LC,EN,BZ
LC,EN,FJ
LC,EN,MT
LC,EN,SZ
LC,EN,CA
LC,EN,GB
LC,EN,LR
LC,EN,UG
LC,EN,CM
LC,EN,GY
LC,EN,IE
LC,EN,JM
LC,EN,NZ
LC,EN,GD
LC,EN,DM
LC,EN,LC
LC,EN,MW
LC,EN,AU
LC,EN,TT
LC,EN,NG
LC,EN,TO
LC,EN,SL
LC,EN,KN
LC,EN,KE
LC,EN,BB
LC,EN,US
LC,EN,MH
LC,EN,VC
LC,EN,AG
MW,EN,GY
MW,EN,LC
MW,EN,BZ
MW,EN,NG
MW,EN,JM
MW,EN,MW
MW,EN,TO
MW,EN,LR
MW,EN,IE
MW,EN,AG
MW,EN,SL
MW,EN,MT
MW,EN,UG
MW,EN,CM
MW,EN,SZ
MW,EN,DM
MW,EN,AU
MW,EN,KE
MW,EN,GB
MW,EN,TT
MW,EN,US
MW,EN,BB
MW,EN,KN
MW,EN,NZ
MW,EN,VC
MW,EN,GD
MW,EN,MH
MW,EN,CA
MW,EN,FJ
NG,EN,MT
NG,EN,JM
NG,EN,US
NG,EN,KE
NG,EN,IE
NG,EN,AU
NG,EN,TT
NG,EN,CA
NG,EN,BZ
NG,EN,AG
NG,EN,NG
NG,EN,MH
NG,EN,TO
NG,EN,SZ
NG,EN,KN
NG,EN,CM
NG,EN,LR
NG,EN,LC
NG,EN,DM
NG,EN,VC
NG,EN,MW
NG,EN,GY
NG,EN,SL
NG,EN,NZ
NG,EN,UG
NG,EN,GB
NG,EN,BB
NG,EN,FJ
NG,EN,GD
TT,EN,GD
TT,EN,BZ
TT,EN,CM
TT,EN,FJ
TT,EN,CA
TT,EN,SZ
TT,EN,MT
TT,EN,BB
TT,EN,VC
TT,EN,MH
TT,EN,GB
TT,EN,JM
TT,EN,LC
TT,EN,AG
TT,EN,TO
TT,EN,TT
TT,EN,DM
TT,EN,MW
TT,EN,GY
TT,EN,LR
TT,EN,KN
TT,EN,KE
TT,EN,US
TT,EN,SL
TT,EN,NZ
TT,EN,AU
TT,EN,NG
TT,EN,UG
TT,EN,IE
CA,FR,DJ
CA,FR,ML
CA,FR,MG
CA,FR,CF
CA,FR,BF
CA,FR,CI
CA,FR,FR
CA,FR,CD
CA,FR,GA
CA,FR,HT
CA,FR,TD
CA,FR,LU
CA,FR,NE
CA,FR,TG
CA,FR,CM
CA,FR,BE
CA,FR,SN
CA,FR,BJ
CA,FR,CG
CA,FR,MC
CA,FR,CA
CA,FR,GN
CA,FR,CH
CA,EN,GD
CA,EN,GB
CA,EN,VC
CA,EN,MH
CA,EN,TT
CA,EN,SL
CA,EN,US
CA,EN,AG
CA,EN,BB
CA,EN,LR
CA,EN,UG
CA,EN,MW
CA,EN,KN
CA,EN,GY
CA,EN,DM
CA,EN,LC
CA,EN,MT
CA,EN,NZ
CA,EN,SZ
CA,EN,NG
CA,EN,BZ
CA,EN,JM
CA,EN,FJ
CA,EN,KE
CA,EN,TO
CA,EN,CA
CA,EN,CM
CA,EN,AU
CA,EN,IE
LR,EN,UG
LR,EN,TT
LR,EN,SL
LR,EN,SZ
LR,EN,GD
LR,EN,BZ
LR,EN,CM
LR,EN,MT
LR,EN,US
LR,EN,KE
LR,EN,TO
LR,EN,BB
LR,EN,JM
LR,EN,NZ
LR,EN,AU
LR,EN,LC
LR,EN,LR
LR,EN,CA
LR,EN,DM
LR,EN,AG
LR,EN,MH
LR,EN,VC
LR,EN,FJ
LR,EN,GY
LR,EN,NG
LR,EN,KN
LR,EN,GB
LR,EN,IE
LR,EN,MW
BZ,EN,MT
BZ,EN,DM
BZ,EN,UG
BZ,EN,MW
BZ,EN,NZ
BZ,EN,VC
BZ,EN,BB
BZ,EN,MH
BZ,EN,AG
BZ,EN,CA
BZ,EN,LC
BZ,EN,BZ
BZ,EN,FJ
BZ,EN,AU
BZ,EN,CM
BZ,EN,SL
BZ,EN,NG
BZ,EN,GY
BZ,EN,SZ
BZ,EN,KN
BZ,EN,JM
BZ,EN,TO
BZ,EN,LR
BZ,EN,IE
BZ,EN,US
BZ,EN,GB
BZ,EN,TT
BZ,EN,KE
BZ,EN,GD
AU,EN,MT
AU,EN,MW
AU,EN,NG
AU,EN,BB
AU,EN,GY
AU,EN,UG
AU,EN,US
AU,EN,DM
AU,EN,KN
AU,EN,IE
AU,EN,BZ
AU,EN,AG
AU,EN,VC
AU,EN,AU
AU,EN,LC
AU,EN,TT
AU,EN,TO
AU,EN,FJ
AU,EN,GD
AU,EN,MH
AU,EN,KE
AU,EN,SL
AU,EN,CA
AU,EN,CM
AU,EN,SZ
AU,EN,NZ
AU,EN,JM
AU,EN,LR
AU,EN,GB
US,EN,MW
US,EN,CA
US,EN,SZ
US,EN,LC
US,EN,UG
US,EN,TO
US,EN,MT
US,EN,FJ
US,EN,IE
US,EN,GD
US,EN,MH
US,EN,JM
US,EN,SL
US,EN,VC
US,EN,TT
US,EN,AU
US,EN,US
US,EN,GB
US,EN,BZ
US,EN,CM
US,EN,AG
US,EN,KN
US,EN,NZ
US,EN,DM
US,EN,NG
US,EN,BB
US,EN,KE
US,EN,LR
US,EN,GY
TO,EN,BB
TO,EN,LR
TO,EN,JM
TO,EN,CM
TO,EN,FJ
TO,EN,NZ
TO,EN,LC
TO,EN,NG
TO,EN,SL
TO,EN,GB
TO,EN,US
TO,EN,GY
TO,EN,CA
TO,EN,SZ
TO,EN,AG
TO,EN,IE
TO,EN,AU
TO,EN,GD
TO,EN,VC
TO,EN,KE
TO,EN,KN
TO,EN,MW
TO,EN,MH
TO,EN,BZ
TO,EN,MT
TO,EN,DM
TO,EN,UG
TO,EN,TO
TO,EN,TT
TG,FR,BE
TG,FR,MG
TG,FR,HT
TG,FR,CF
TG,FR,LU
TG,FR,SN
TG,FR,MC
TG,FR,CA
TG,FR,ML
TG,FR,NE
TG,FR,CM
TG,FR,TD
TG,FR,CH
TG,FR,CI
TG,FR,BF
TG,FR,CD
TG,FR,BJ
TG,FR,TG
TG,FR,CG
TG,FR,GA
TG,FR,DJ
TG,FR,FR
TG,FR,GN
BF,FR,BF
BF,FR,MC
BF,FR,CG
BF,FR,NE
BF,FR,CI
BF,FR,CH
BF,FR,TG
BF,FR,MG
BF,FR,GA
BF,FR,ML
BF,FR,BJ
BF,FR,HT
BF,FR,DJ
BF,FR,CD
BF,FR,GN
BF,FR,LU
BF,FR,CM
BF,FR,CA
BF,FR,SN
BF,FR,CF
BF,FR,TD
BF,FR,FR
BF,FR,BE
BJ,FR,CH
BJ,FR,GN
BJ,FR,CG
BJ,FR,CD
BJ,FR,ML
BJ,FR,TD
BJ,FR,MG
BJ,FR,SN
BJ,FR,DJ
BJ,FR,CM
BJ,FR,BE
BJ,FR,CI
BJ,FR,FR
BJ,FR,TG
BJ,FR,HT
BJ,FR,LU
BJ,FR,BF
BJ,FR,BJ
BJ,FR,NE
BJ,FR,CF
BJ,FR,CA
BJ,FR,GA
BJ,FR,MC
CD,FR,CG
CD,FR,GA
CD,FR,BJ
CD,FR,GN
CD,FR,CD
CD,FR,CH
CD,FR,BE
CD,FR,MC
CD,FR,CM
CD,FR,CI
CD,FR,TG
CD,FR,LU
CD,FR,FR
CD,FR,CA
CD,FR,CF
CD,FR,SN
CD,FR,TD
CD,FR,HT
CD,FR,MG
CD,FR,BF
CD,FR,ML
CD,FR,DJ
CD,FR,NE
CF,FR,CH
CF,FR,MG
CF,FR,BF
CF,FR,CA
CF,FR,NE
CF,FR,LU
CF,FR,FR
CF,FR,CD
CF,FR,CI
CF,FR,TG
CF,FR,MC
CF,FR,BE
CF,FR,CG
CF,FR,SN
CF,FR,CF
CF,FR,GA
CF,FR,ML
CF,FR,HT
CF,FR,TD
CF,FR,CM
CF,FR,GN
CF,FR,BJ
CF,FR,DJ
CG,FR,TD
CG,FR,MG
CG,FR,MC
CG,FR,CH
CG,FR,BE
CG,FR,CA
CG,FR,CD
CG,FR,CG
CG,FR,CF
CG,FR,BF
CG,FR,CM
CG,FR,NE
CG,FR,GN
CG,FR,CI
CG,FR,ML
CG,FR,SN
CG,FR,HT
CG,FR,FR
CG,FR,LU
CG,FR,DJ
CG,FR,TG
CG,FR,GA
CG,FR,BJ
CI,FR,DJ
CI,FR,CD
CI,FR,BJ
CI,FR,CF
CI,FR,BE
CI,FR,LU
CI,FR,FR
CI,FR,HT
CI,FR,GA
CI,FR,MG
CI,FR,BF
CI,FR,CI
CI,FR,GN
CI,FR,ML
CI,FR,NE
CI,FR,TD
CI,FR,CA
CI,FR,CG
CI,FR,CM
CI,FR,TG
CI,FR,CH
CI,FR,SN
CI,FR,MC
DJ,FR,BJ
DJ,FR,CH
DJ,FR,HT
DJ,FR,CA
DJ,FR,GN
DJ,FR,BE
DJ,FR,CI
DJ,FR,TG
DJ,FR,DJ
DJ,FR,TD
DJ,FR,CD
DJ,FR,CM
DJ,FR,MG
DJ,FR,NE
DJ,FR,GA
DJ,FR,SN
DJ,FR,CF
DJ,FR,BF
DJ,FR,FR
DJ,FR,CG
DJ,FR,ML
DJ,FR,LU
DJ,FR,MC
GA,FR,CI
GA,FR,CF
GA,FR,CA
GA,FR,BE
GA,FR,DJ
GA,FR,GA
GA,FR,BF
GA,FR,TG
GA,FR,MG
GA,FR,SN
GA,FR,FR
GA,FR,CH
GA,FR,TD
GA,FR,HT
GA,FR,CD
GA,FR,BJ
GA,FR,MC
GA,FR,CM
GA,FR,CG
GA,FR,GN
GA,FR,LU
GA,FR,ML
GA,FR,NE
GN,FR,HT
GN,FR,CM
GN,FR,FR
GN,FR,MC
GN,FR,MG
GN,FR,BF
GN,FR,ML
GN,FR,CH
GN,FR,CG
GN,FR,CI
GN,FR,TD
GN,FR,LU
GN,FR,BJ
GN,FR,CA
GN,FR,GN
GN,FR,DJ
GN,FR,CD
GN,FR,NE
GN,FR,GA
GN,FR,TG
GN,FR,CF
GN,FR,SN
GN,FR,BE
HT,FR,LU
HT,FR,CF
HT,FR,CM
HT,FR,MG
HT,FR,TD
HT,FR,CI
HT,FR,ML
HT,FR,BF
HT,FR,GA
HT,FR,CA
HT,FR,NE
HT,FR,CD
HT,FR,HT
HT,FR,BJ
HT,FR,CH
HT,FR,GN
HT,FR,DJ
HT,FR,CG
HT,FR,FR
HT,FR,SN
HT,FR,TG
HT,FR,BE
HT,FR,MC
MC,FR,CF
MC,FR,BE
MC,FR,BJ
MC,FR,GA
MC,FR,NE
MC,FR,CH
MC,FR,CI
MC,FR,BF
MC,FR,DJ
MC,FR,HT
MC,FR,CD
MC,FR,MG
MC,FR,CM
MC,FR,TD
MC,FR,MC
MC,FR,CA
MC,FR,FR
MC,FR,ML
MC,FR,SN
MC,FR,LU
MC,FR,GN
MC,FR,TG
MC,FR,CG
MG,FR,BJ
MG,FR,FR
MG,FR,NE
MG,FR,MC
MG,FR,CH
MG,FR,CM
MG,FR,BE
MG,FR,CD
MG,FR,TD
MG,FR,TG
MG,FR,HT
MG,FR,CA
MG,FR,MG
MG,FR,CG
MG,FR,BF
MG,FR,LU
MG,FR,SN
MG,FR,DJ
MG,FR,GA
MG,FR,CI
MG,FR,ML
MG,FR,CF
MG,FR,GN
ML,FR,TG
ML,FR,CG
ML,FR,GA
ML,FR,NE
ML,FR,CA
ML,FR,TD
ML,FR,CI
ML,FR,CM
ML,FR,MC
ML,FR,FR
ML,FR,BE
ML,FR,GN
ML,FR,DJ
ML,FR,CD
ML,FR,BF
ML,FR,SN
ML,FR,HT
ML,FR,LU
ML,FR,CH
ML,FR,BJ
ML,FR,CF
ML,FR,MG
ML,FR,ML
NE,FR,BF
NE,FR,TD
NE,FR,CD
NE,FR,MC
NE,FR,LU
NE,FR,GA
NE,FR,SN
NE,FR,CM
NE,FR,CI
NE,FR,BJ
NE,FR,CG
NE,FR,ML
NE,FR,DJ
NE,FR,FR
NE,FR,HT
NE,FR,BE
NE,FR,GN
NE,FR,TG
NE,FR,MG
NE,FR,CF
NE,FR,CH
NE,FR,NE
NE,FR,CA
SN,FR,CI
SN,FR,LU
SN,FR,CF
SN,FR,CD
SN,FR,ML
SN,FR,TD
SN,FR,BE
SN,FR,CH
SN,FR,HT
SN,FR,GA
SN,FR,CA
SN,FR,CM
SN,FR,TG
SN,FR,BF
SN,FR,MC
SN,FR,SN
SN,FR,BJ
SN,FR,NE
SN,FR,GN
SN,FR,MG
SN,FR,DJ
SN,FR,CG
SN,FR,FR
TD,FR,BF
TD,FR,NE
TD,FR,CA
TD,FR,HT
TD,FR,CD
TD,FR,BE
TD,FR,CI
TD,FR,TG
TD,FR,ML
TD,FR,CH
TD,FR,TD
TD,FR,DJ
TD,FR,CM
TD,FR,GA
TD,FR,CG
TD,FR,GN
TD,FR,SN
TD,FR,CF
TD,FR,FR
TD,FR,MC
TD,FR,MG
TD,FR,LU
TD,FR,BJ
FR,FR,CH
FR,FR,MG
FR,FR,BF
FR,FR,TG
FR,FR,TD
FR,FR,CM
FR,FR,CF
FR,FR,CA
FR,FR,FR
FR,FR,NE
FR,FR,SN
FR,FR,MC
FR,FR,GA
FR,FR,CI
FR,FR,BE
FR,FR,BJ
FR,FR,LU
FR,FR,DJ
FR,FR,ML
FR,FR,GN
FR,FR,CG
FR,FR,HT
FR,FR,CD
AT,DE,CH
AT,DE,DE
AT,DE,AT
AT,DE,LI
DE,DE,LI
DE,DE,AT
DE,DE,DE
DE,DE,CH
CH,FR,TG
CH,FR,MC
CH,FR,BJ
CH,FR,CF
CH,FR,TD
CH,FR,ML
CH,FR,GA
CH,FR,BE
CH,FR,MG
CH,FR,CA
CH,FR,FR
CH,FR,CM
CH,FR,CG
CH,FR,LU
CH,FR,DJ
CH,FR,CD
CH,FR,CH
CH,FR,HT
CH,FR,GN
CH,FR,NE
CH,FR,SN
CH,FR,BF
CH,FR,CI
CH,DE,CH
CH,DE,LI
CH,DE,DE
CH,DE,AT
LI,DE,AT
LI,DE,LI
LI,DE,DE
LI,DE,CH
SM,IT,SM
SM,IT,IT
IT,IT,SM
IT,IT,IT
JP,JA,JP
KP,KO,KP
KP,KO,KR
KR,KO,KP
KR,KO,KR
LU,FR,BE
LU,FR,SN
LU,FR,GN
LU,FR,CG
LU,FR,CD
LU,FR,CI
LU,FR,ML
LU,FR,CM
LU,FR,FR
LU,FR,MG
LU,FR,NE
LU,FR,DJ
LU,FR,GA
LU,FR,CA
LU,FR,TG
LU,FR,BF
LU,FR,MC
LU,FR,TD
LU,FR,BJ
LU,FR,LU
LU,FR,CH
LU,FR,CF
LU,FR,HT
MT,EN,US
MT,EN,NG
MT,EN,MW
MT,EN,UG
MT,EN,CA
MT,EN,JM
MT,EN,MT
MT,EN,NZ
MT,EN,AG
MT,EN,AU
MT,EN,KE
MT,EN,IE
MT,EN,VC
MT,EN,LR
MT,EN,CM
MT,EN,SZ
MT,EN,TT
MT,EN,TO
MT,EN,SL
MT,EN,GY
MT,EN,MH
MT,EN,GD
MT,EN,GB
MT,EN,FJ
MT,EN,KN
MT,EN,DM
MT,EN,BZ
MT,EN,BB
MT,EN,LC
SG,ZH,SG
SG,ZH,CN
MH,EN,KE
MH,EN,GY
MH,EN,FJ
MH,EN,GB
MH,EN,MW
MH,EN,AG
MH,EN,BZ
MH,EN,AU
MH,EN,TT
MH,EN,UG
MH,EN,GD
MH,EN,DM
MH,EN,TO
MH,EN,NZ
MH,EN,BB
MH,EN,LR
MH,EN,NG
MH,EN,SZ
MH,EN,MT
MH,EN,US
MH,EN,LC
MH,EN,CM
MH,EN,VC
MH,EN,CA
MH,EN,MH
MH,EN,JM
MH,EN,IE
MH,EN,KN
MH,EN,SL
BR,PT,AO
BR,PT,PT
BR,PT,CV
BR,PT,BR
BR,PT,ST
AO,PT,CV
AO,PT,BR
AO,PT,ST
AO,PT,AO
AO,PT,PT
CV,PT,ST
CV,PT,PT
CV,PT,AO
CV,PT,CV
CV,PT,BR
PT,PT,BR
PT,PT,PT
PT,PT,CV
PT,PT,ST
PT,PT,AO
ST,PT,AO
ST,PT,CV
ST,PT,PT
ST,PT,BR
ST,PT,ST
BY,RU,RU
BY,RU,BY
RU,RU,RU
RU,RU,BY
EC,ES,GT
EC,ES,DO
EC,ES,CL
EC,ES,AR
EC,ES,ES
EC,ES,AD
EC,ES,UY
EC,ES,CO
EC,ES,SV
EC,ES,BO
EC,ES,EC
EC,ES,CR
EC,ES,VE
EC,ES,PE
EC,ES,MX
EC,ES,CU
EC,ES,GQ
EC,ES,NI
EC,ES,PY
EC,ES,HN
EC,ES,PA
AR,ES,PY
AR,ES,VE
AR,ES,CR
AR,ES,AR
AR,ES,EC
AR,ES,CU
AR,ES,HN
AR,ES,UY
AR,ES,BO
AR,ES,GT
AR,ES,PE
AR,ES,MX
AR,ES,DO
AR,ES,SV
AR,ES,CO
AR,ES,ES
AR,ES,GQ
AR,ES,PA
AR,ES,AD
AR,ES,CL
AR,ES,NI
CO,ES,CO
CO,ES,CU
CO,ES,CR
CO,ES,CL
CO,ES,GT
CO,ES,MX
CO,ES,SV
CO,ES,ES
CO,ES,BO
CO,ES,EC
CO,ES,GQ
CO,ES,VE
CO,ES,NI
CO,ES,UY
CO,ES,HN
CO,ES,PY
CO,ES,AD
CO,ES,PE
CO,ES,DO
CO,ES,AR
CO,ES,PA
CR,ES,PY
CR,ES,GT
CR,ES,SV
CR,ES,VE
CR,ES,PA
CR,ES,CU
CR,ES,GQ
CR,ES,MX
CR,ES,HN
CR,ES,EC
CR,ES,AR
CR,ES,CR
CR,ES,CL
CR,ES,BO
CR,ES,UY
CR,ES,AD
CR,ES,DO
CR,ES,NI
CR,ES,ES
CR,ES,PE
CR,ES,CO
CU,ES,PA
CU,ES,SV
CU,ES,GT
CU,ES,CR
CU,ES,PY
CU,ES,DO
CU,ES,MX
CU,ES,GQ
CU,ES,HN
CU,ES,CU
CU,ES,EC
CU,ES,ES
CU,ES,VE
CU,ES,BO
CU,ES,CL
CU,ES,CO
CU,ES,UY
CU,ES,AD
CU,ES,PE
CU,ES,AR
CU,ES,NI
DO,ES,DO
DO,ES,UY
DO,ES,CU
DO,ES,CO
DO,ES,BO
DO,ES,MX
DO,ES,SV
DO,ES,EC
DO,ES,GQ
DO,ES,PE
DO,ES,AR
DO,ES,ES
DO,ES,NI
DO,ES,CL
DO,ES,VE
DO,ES,PY
DO,ES,PA
DO,ES,AD
DO,ES,HN
DO,ES,CR
DO,ES,GT
HN,ES,CR
HN,ES,GQ
HN,ES,BO
HN,ES,ES
HN,ES,DO
HN,ES,PY
HN,ES,GT
HN,ES,MX
HN,ES,CO
HN,ES,UY
HN,ES,CU
HN,ES,HN
HN,ES,NI
HN,ES,PE
HN,ES,EC
HN,ES,AR
HN,ES,VE
HN,ES,PA
HN,ES,AD
HN,ES,SV
HN,ES,CL
PA,ES,VE
PA,ES,AD
PA,ES,PY
PA,ES,BO
PA,ES,AR
PA,ES,UY
PA,ES,GT
PA,ES,NI
PA,ES,CL
PA,ES,ES
PA,ES,PE
PA,ES,MX
PA,ES,SV
PA,ES,CO
PA,ES,PA
PA,ES,EC
PA,ES,CR
PA,ES,GQ
PA,ES,DO
PA,ES,CU
PA,ES,HN
PY,ES,PA
PY,ES,NI
PY,ES,PE
PY,ES,PY
PY,ES,CL
PY,ES,CU
PY,ES,AD
PY,ES,SV
PY,ES,UY
PY,ES,BO
PY,ES,ES
PY,ES,CO
PY,ES,DO
PY,ES,EC
PY,ES,VE
PY,ES,AR
PY,ES,MX
PY,ES,GT
PY,ES,GQ
PY,ES,CR
PY,ES,HN
SV,ES,GT
SV,ES,VE
SV,ES,GQ
SV,ES,CR
SV,ES,ES
SV,ES,PY
SV,ES,PE
SV,ES,CL
SV,ES,AD
SV,ES,AR
SV,ES,UY
SV,ES,PA
SV,ES,NI
SV,ES,EC
SV,ES,CO
SV,ES,SV
SV,ES,DO
SV,ES,MX
SV,ES,CU
SV,ES,HN
SV,ES,BO
UY,ES,GT
UY,ES,HN
UY,ES,AR
UY,ES,MX
UY,ES,DO
UY,ES,NI
UY,ES,CO
UY,ES,CU
UY,ES,CR
UY,ES,UY
UY,ES,BO
UY,ES,EC
UY,ES,AD
UY,ES,CL
UY,ES,PE
UY,ES,PA
UY,ES,ES
UY,ES,GQ
UY,ES,VE
UY,ES,PY
UY,ES,SV
VE,ES,PY
VE,ES,EC
VE,ES,BO
VE,ES,PE
VE,ES,NI
VE,ES,VE
VE,ES,CL
VE,ES,CR
VE,ES,CU
VE,ES,CO
VE,ES,SV
VE,ES,PA
VE,ES,DO
VE,ES,GQ
VE,ES,GT
VE,ES,ES
VE,ES,AR
VE,ES,HN
VE,ES,UY
VE,ES,AD
VE,ES,MX
GT,ES,HN
GT,ES,PA
GT,ES,CO
GT,ES,PE
GT,ES,UY
GT,ES,BO
GT,ES,PY
GT,ES,CU
GT,ES,NI
GT,ES,AR
GT,ES,EC
GT,ES,GQ
GT,ES,SV
GT,ES,VE
GT,ES,ES
GT,ES,AD
GT,ES,GT
GT,ES,CR
GT,ES,MX
GT,ES,CL
GT,ES,DO
BO,ES,NI
BO,ES,GQ
BO,ES,MX
BO,ES,UY
BO,ES,ES
BO,ES,AD
BO,ES,DO
BO,ES,CU
BO,ES,PY
BO,ES,CL
BO,ES,CO
BO,ES,HN
BO,ES,VE
BO,ES,PE
BO,ES,AR
BO,ES,PA
BO,ES,GT
BO,ES,EC
BO,ES,BO
BO,ES,SV
BO,ES,CR
GQ,ES,ES
GQ,ES,BO
GQ,ES,AD
GQ,ES,MX
GQ,ES,UY
GQ,ES,EC
GQ,ES,DO
GQ,ES,PA
GQ,ES,AR
GQ,ES,VE
GQ,ES,CU
GQ,ES,GQ
GQ,ES,NI
GQ,ES,SV
GQ,ES,CO
GQ,ES,HN
GQ,ES,PY
GQ,ES,CR
GQ,ES,GT
GQ,ES,PE
GQ,ES,CL
PE,ES,CL
PE,ES,DO
PE,ES,BO
PE,ES,PY
PE,ES,EC
PE,ES,PE
PE,ES,MX
PE,ES,HN
PE,ES,CR
PE,ES,CU
PE,ES,NI
PE,ES,VE
PE,ES,AR
PE,ES,PA
PE,ES,AD
PE,ES,GT
PE,ES,UY
PE,ES,SV
PE,ES,CO
PE,ES,ES
PE,ES,GQ
NI,ES,UY
NI,ES,EC
NI,ES,AR
NI,ES,CR
NI,ES,DO
NI,ES,VE
NI,ES,MX
NI,ES,HN
NI,ES,AD
NI,ES,GQ
NI,ES,CO
NI,ES,GT
NI,ES,NI
NI,ES,SV
NI,ES,PE
NI,ES,CL
NI,ES,BO
NI,ES,PA
NI,ES,CU
NI,ES,ES
NI,ES,PY
CL,ES,HN
CL,ES,BO
CL,ES,EC
CL,ES,VE
CL,ES,CL
CL,ES,AD
CL,ES,UY
CL,ES,PA
CL,ES,PY
CL,ES,CO
CL,ES,PE
CL,ES,DO
CL,ES,AR
CL,ES,MX
CL,ES,CU
CL,ES,CR
CL,ES,GQ
CL,ES,GT
CL,ES,NI
CL,ES,ES
CL,ES,SV
MX,ES,BO
MX,ES,NI
MX,ES,AD
MX,ES,SV
MX,ES,CU
MX,ES,DO
MX,ES,CO
MX,ES,AR
MX,ES,PE
MX,ES,CR
MX,ES,PY
MX,ES,ES
MX,ES,UY
MX,ES,VE
MX,ES,HN
MX,ES,PA
MX,ES,GT
MX,ES,EC
MX,ES,CL
MX,ES,MX
MX,ES,GQ
CN,ZH,CN
CN,ZH,SG
